<?xml version="1.0" encoding="UTF-8"?>
<!DOCTYPE module PUBLIC "-//Checkstyle//DTD Checkstyle Configuration 1.3//EN" "https://checkstyle.org/dtds/configuration_1_3.dtd">

<!--
    This configuration file was written by the eclipse-cs plugin configuration editor
-->
<!--
    Checkstyle-Configuration: Comp1510 Checkstyle
    Description: none
-->
<module name="Checker">
  <property name="severity" value="warning"/>
  <module name="TreeWalker">
    <module name="JavadocMethod"/>
    <module name="JavadocType">
      <property name="authorFormat" value="\S"/>
      <property name="versionFormat" value="\d"/>
    </module>
    <module name="JavadocVariable"/>
    <module name="JavadocStyle">
      <property name="checkEmptyJavadoc" value="true"/>
    </module>
    <module name="ConstantName"/>
    <module name="LocalFinalVariableName"/>
    <module name="LocalVariableName"/>
    <module name="MemberName"/>
    <module name="MethodName"/>
    <module name="PackageName">
      <property name="format" value="^[a-z][a-z0-9]*(\.[a-zA-Z_][a-zA-Z0-9_]*)*$"/>
    </module>
    <module name="ParameterName"/>
    <module name="StaticVariableName"/>
    <module name="TypeName"/>
    <module name="AvoidStarImport"/>
    <module name="IllegalImport"/>
    <module name="RedundantImport"/>
    <module name="UnusedImports"/>
    <module name="MethodLength"/>
    <module name="ParameterNumber"/>
    <module name="EmptyForIteratorPad"/>
    <module name="MethodParamPad"/>
    <module name="NoWhitespaceAfter"/>
    <module name="NoWhitespaceBefore"/>
    <module name="OperatorWrap"/>
    <module name="ParenPad"/>
    <module name="TypecastParenPad"/>
    <module name="WhitespaceAfter"/>
    <module name="WhitespaceAround"/>
    <module name="ModifierOrder"/>
    <module name="RedundantModifier"/>
    <module name="AvoidNestedBlocks"/>
    <module name="EmptyBlock"/>
    <module name="LeftCurly"/>
    <module name="NeedBraces"/>
    <module name="RightCurly"/>
    <module name="EmptyStatement"/>
    <module name="EqualsHashCode"/>
    <module name="HiddenField">
      <property name="ignoreConstructorParameter" value="true"/>
      <property name="ignoreSetter" value="true"/>
    </module>
    <module name="IllegalInstantiation"/>
    <module name="InnerAssignment"/>
    <module name="MagicNumber"/>
    <module name="MissingSwitchDefault"/>
    <module name="SimplifyBooleanExpression"/>
    <module name="SimplifyBooleanReturn"/>
    <module name="FinalClass"/>
    <module name="InterfaceIsType"/>
    <module name="VisibilityModifier">
      <property name="allowPublicFinalFields" value="true"/>
    </module>
    <module name="ArrayTypeStyle"/>
    <module name="TodoComment"/>
    <module name="UpperEll"/>
    <module name="ExecutableStatementCount">
      <property name="tokens" value="INSTANCE_INIT,STATIC_INIT,METHOD_DEF,CTOR_DEF"/>
    </module>
    <module name="ModifiedControlVariable"/>
    <module name="StringLiteralEquality"/>
    <module name="SuperClone"/>
    <module name="SuperFinalize"/>
    <module name="IllegalCatch"/>
    <module name="IllegalThrows"/>
    <module name="DeclarationOrder"/>
    <module name="ExplicitInitialization"/>
    <module name="DefaultComesLast"/>
    <module name="FallThrough"/>
    <module name="MultipleVariableDeclarations"/>
    <module name="LocalFinalVariableName"/>
    <module name="ConstantName"/>
    <module name="MissingJavadocMethod"/>
    <module name="MissingJavadocType"/>
    <module name="InvalidJavadocPosition"/>
    <module name="AtclauseOrder"/>
    <module name="SingleLineJavadoc"/>
    <module name="JavadocTagContinuationIndentation"/>
    <module name="NonEmptyAtclauseDescription">
      <property name="javadocTokens" value="PARAM_LITERAL,RETURN_LITERAL,THROWS_LITERAL,EXCEPTION_LITERAL,DEPRECATED_LITERAL"/>
    </module>
    <module name="JavadocMissingWhitespaceAfterAsterisk"/>
    <module name="MethodTypeParameterName"/>
    <module name="InterfaceTypeParameterName"/>
    <module name="ClassTypeParameterName"/>
    <module name="Indentation"/>
    <module name="CommentsIndentation"/>
    <module name="EmptyLineSeparator">
      <property name="tokens" value="PACKAGE_DEF,IMPORT,STATIC_IMPORT,CLASS_DEF,ENUM_DEF,INTERFACE_DEF,CTOR_DEF,METHOD_DEF,STATIC_INIT,INSTANCE_INIT,VARIABLE_DEF"/>
    </module>
    <module name="SeparatorWrap"/>
    <module name="NoEnumTrailingComma"/>
    <module name="TrailingComment"/>
  </module>
  <module name="RegexpSingleline">
    <property name="severity" value="ignore"/>
    <property name="format" value="\s+$"/>
    <property name="message" value="Line has trailing spaces."/>
    <metadata name="net.sf.eclipsecs.core.lastEnabledSeverity" value="inherit"/>
  </module>
  <module name="FileTabCharacter"/>
  <module name="FileLength"/>
  <module name="Translation"/>
  <module name="NewlineAtEndOfFile"/>
  <module name="BeforeExecutionExclusionFileFilter">
    <property name="fileNamePattern" value="module\-info\.java$"/>
  </module>
  <module name="LineLength"/>
  <module name="BeforeExecutionExclusionFileFilter">
    <property name="fileNamePattern" value=".*\.jpg"/>
  </module>
  <module name="BeforeExecutionExclusionFileFilter">
    <property name="fileNamePattern" value=".*\.png"/>
  </module>
  <module name="BeforeExecutionExclusionFileFilter">
    <property name="fileNamePattern" value=".*\.wav"/>
  </module>
  <module name="BeforeExecutionExclusionFileFilter">
    <property name="fileNamePattern" value=".*\.mp3"/>
  </module>
  <module name="BeforeExecutionExclusionFileFilter">
    <property name="fileNamePattern" value=".*\.gif"/>
  </module>
  <module name="BeforeExecutionExclusionFileFilter">
    <property name="fileNamePattern" value=".*\.txt"/>
  </module>
  <module name="BeforeExecutionExclusionFileFilter">
    <property name="fileNamePattern" value=".*\.inp"/>
  </module>
  <module name="BeforeExecutionExclusionFileFilter">
    <property name="fileNamePattern" value="Test\.java"/>
  </module>
</module>
